Name,Age,Gender,Department,Experience,City,Joining_Date,Salary
Emp_1,59,Female,Finance,3,Mumbai,11-01-2016,57999
Emp_2,49,Male,Sales,11,Mumbai,14-10-2012,84590
Emp_3,35,Male,Finance,7,Pune,22-12-2012,78181
Emp_4,28,Female,Sales,1,Bangalore,14-09-2009,35988
Emp_5,,Male,HR,12,Delhi,10-02-2012,105112
Emp_6,59,Male,HR,15,Bangalore,28-12-2017,102678
Emp_7,39,Female,HR,1,Bangalore,17-02-2010,30698
Emp_8,43,Male,Finance,10,Mumbai,08-10-2017,71273
Emp_9,31,Male,HR,9,Delhi,03-12-2013,92543
Emp_10,31,Female,IT,14,Delhi,18-09-2012,113037
Emp_11,,Female,Sales,16,Bangalore,21-03-2006,111241
Emp_12,56,Male,Sales,7,Pune,21-12-2014,72480
Emp_13,44,Male,IT,17,Bangalore,17-03-2017,114497
Emp_14,23,Female,Finance,8,Pune,27-02-2022,69107
Emp_15,42,Female,Finance,7,Delhi,14-07-2019,66273
Emp_16,22,Male,Sales,13,Bangalore,12-01-2007,93002
Emp_17,44,Female,HR,17,Mumbai,04-08-2010,109247
Emp_18,50,Male,Finance,19,Bangalore,11-11-2006,124220
Emp_19,58,Male,Finance,19,Delhi,04-10-2011,136698
Emp_20,22,Male,IT,11,Mumbai,15-02-2015,101553
Emp_21,41,Male,IT,18,Mumbai,17-09-2020,129738
Emp_22,53,Male,HR,13,Pune,09-07-2020,95703
Emp_23,32,Female,Finance,16,Mumbai,20-09-2008,115472
Emp_24,42,Female,Finance,2,Mumbai,27-01-2022,46654
Emp_25,45,Female,IT,6,Bangalore,04-03-2005,67570
Emp_26,47,Female,Finance,16,Delhi,04-01-2012,129131
Emp_27,48,Male,Sales,11,Pune,26-05-2019,87392
Emp_28,36,Male,IT,8,Bangalore,28-04-2015,71956
Emp_29,35,Male,HR,14,Mumbai,31-07-2019,105641
Emp_30,,Male,IT,17,Mumbai,08-12-2023,118998
Emp_31,57,Female,Finance,12,Pune,30-11-2016,86305
Emp_32,27,Male,HR,7,Delhi,15-05-2005,73782
Emp_33,41,Male,IT,13,Pune,24-12-2014,97721
Emp_34,29,Female,Sales,7,Bangalore,11-08-2018,61995
Emp_35,59,Female,Sales,13,Pune,19-06-2018,97427
Emp_36,38,Female,IT,6,Mumbai,06-11-2010,63782
Emp_37,24,Female,Sales,11,Bangalore,23-12-2013,98683
Emp_38,45,Male,Sales,10,Mumbai,03-04-2007,90566
Emp_39,34,Male,Sales,10,Delhi,02-06-2013,96287
Emp_40,29,Female,HR,12,Mumbai,18-11-2018,82230
Emp_41,46,Male,Sales,17,Mumbai,01-03-2013,111511
Emp_42,22,Male,Sales,1,Pune,30-01-2021,41512
Emp_43,40,Male,Sales,14,Mumbai,01-05-2005,99461
Emp_44,48,Female,HR,19,Bangalore,26-06-2009,135056
Emp_45,27,Male,IT,17,Bangalore,14-12-2019,131177
Emp_46,28,Female,Finance,14,Delhi,22-12-2018,94765
Emp_47,55,Male,Sales,18,Bangalore,14-07-2007,130354
Emp_48,34,Male,IT,11,Pune,07-10-2006,98929
Emp_49,37,Male,Sales,12,Delhi,26-07-2010,108820
Emp_50,56,Female,HR,10,Bangalore,24-07-2012,83272
Emp_51,24,Male,IT,4,Pune,31-08-2010,69523
Emp_52,22,Female,HR,0,Bangalore,30-08-2005,25552
Emp_53,26,Female,Sales,2,Bangalore,25-01-2023,30627
Emp_54,24,Female,Sales,18,Mumbai,22-04-2012,121989
Emp_55,49,Male,HR,6,Bangalore,26-08-2022,63780
Emp_56,38,Male,Finance,11,Bangalore,25-08-2020,81589
Emp_57,46,Male,HR,14,Pune,14-03-2007,92044
Emp_58,54,Male,Sales,4,Pune,08-11-2018,68128
Emp_59,30,Female,HR,14,Mumbai,27-05-2016,103171
Emp_60,56,Female,Finance,7,Bangalore,16-05-2019,73725
Emp_61,34,Female,HR,9,Mumbai,15-07-2005,70884
Emp_62,51,Male,Finance,15,Bangalore,28-12-2010,122790
Emp_63,35,Female,Finance,7,Delhi,17-08-2014,63185
Emp_64,28,Male,HR,0,Delhi,20-05-2011,20249
Emp_65,34,Female,HR,11,Mumbai,18-06-2011,94309
Emp_66,43,Male,IT,4,Mumbai,04-04-2018,61427
Emp_67,41,Male,Sales,2,Mumbai,16-11-2014,47358
Emp_68,36,Female,Finance,0,Pune,02-11-2020,45901
Emp_69,38,Female,IT,3,Pune,04-10-2005,58576
Emp_70,44,Female,HR,7,Pune,02-03-2005,64175
Emp_71,46,Female,Sales,2,Mumbai,14-04-2014,55464
Emp_72,45,Male,IT,9,Bangalore,29-03-2010,92513
Emp_73,49,Female,Finance,1,Delhi,18-12-2021,41260
Emp_74,35,Female,IT,10,Mumbai,03-10-2015,96693
Emp_75,21,Female,Finance,9,Pune,29-03-2022,67672
Emp_76,45,Male,HR,13,Pune,25-01-2021,114546
Emp_77,,Male,Sales,6,Mumbai,14-11-2019,57279
Emp_78,29,Female,Sales,1,Mumbai,31-03-2021,48915
Emp_79,44,Male,Sales,8,Pune,05-02-2012,85902
Emp_80,21,Female,HR,15,Bangalore,21-07-2006,103662
Emp_81,28,Male,Finance,12,Pune,11-10-2015,81987
Emp_82,44,Male,HR,8,Pune,21-04-2009,76474
Emp_83,31,Male,Sales,19,Mumbai,01-12-2017,140105
Emp_84,37,Male,HR,3,Bangalore,05-10-2021,47948
Emp_85,28,Female,HR,9,Pune,15-04-2008,85443
Emp_86,55,Female,HR,11,Pune,27-01-2017,88026
Emp_87,55,Female,Finance,16,Delhi,25-10-2012,102773
Emp_88,53,Male,IT,13,Mumbai,05-12-2012,98159
Emp_89,25,Female,IT,13,Delhi,01-02-2022,94878
Emp_90,59,Female,HR,1,Delhi,21-05-2008,49767
Emp_91,,Female,IT,19,Pune,17-05-2005,125178
Emp_92,27,Male,IT,10,Mumbai,27-10-2007,98199
Emp_93,29,Male,HR,15,Bangalore,27-11-2010,118793
Emp_94,28,Male,HR,18,Pune,08-02-2012,120377
Emp_95,32,Female,Sales,5,Bangalore,24-10-2006,65824
Emp_96,54,Female,IT,18,Bangalore,09-10-2011,117347
Emp_97,53,Female,Finance,4,Mumbai,01-05-2012,41008
Emp_98,43,Male,HR,3,Delhi,28-04-2011,38783
Emp_99,44,Male,Sales,14,Mumbai,28-03-2005,113030
Emp_100,57,Female,Finance,3,Bangalore,18-11-2011,39298
Emp_101,55,Male,IT,19,Pune,11-01-2022,119668
Emp_102,42,Male,Sales,9,Bangalore,10-02-2023,85671
Emp_103,47,Male,HR,2,Pune,15-12-2022,32052
Emp_104,55,Male,Finance,4,Pune,21-01-2013,62393
Emp_105,21,Female,HR,5,Mumbai,05-08-2012,72884
Emp_106,55,Male,IT,7,Bangalore,10-11-2011,56716
Emp_107,57,Male,Finance,6,Delhi,19-10-2019,50310
Emp_108,34,Male,IT,9,Bangalore,24-01-2014,79391
Emp_109,23,Male,IT,5,Bangalore,28-08-2009,65922
Emp_110,21,Female,Sales,13,Delhi,19-01-2015,86260
Emp_111,25,Female,HR,3,Mumbai,24-05-2012,48157
Emp_112,46,Male,Finance,12,Bangalore,30-08-2023,100316
Emp_113,34,Male,IT,19,Bangalore,09-12-2014,126460
Emp_114,59,Male,IT,16,Pune,27-07-2017,116968
Emp_115,47,Male,Finance,6,Bangalore,06-07-2009,77375
Emp_116,29,Male,IT,3,Delhi,14-07-2021,59000
Emp_117,35,Male,Sales,13,Pune,21-02-2019,109935
Emp_118,35,Female,Sales,2,Mumbai,12-02-2020,44011
Emp_119,46,Male,Sales,4,Pune,01-02-2014,42866
Emp_120,33,Female,Sales,15,Delhi,05-02-2015,109365
Emp_121,52,Female,IT,19,Delhi,20-08-2006,120898
Emp_122,59,Male,Finance,3,Pune,12-06-2017,53395
Emp_123,52,Female,Finance,1,Mumbai,30-04-2006,31251
Emp_124,24,Female,Finance,17,Pune,08-10-2006,109939
Emp_125,50,Female,Finance,18,Mumbai,09-07-2023,114006
Emp_126,57,Female,HR,18,Pune,17-06-2013,111625
Emp_127,43,Female,Finance,16,Delhi,04-09-2020,110956
Emp_128,59,Female,HR,13,Bangalore,10-01-2018,102274
Emp_129,35,Male,HR,18,Bangalore,16-04-2018,116078
Emp_130,49,Female,Sales,12,Mumbai,02-01-2017,109631
Emp_131,56,Female,HR,11,Mumbai,22-12-2006,98420
Emp_132,33,Female,IT,5,Mumbai,17-12-2017,53923
Emp_133,,Male,HR,3,Delhi,19-06-2022,38961
Emp_134,27,Female,Sales,18,Pune,17-12-2022,139277
Emp_135,42,Male,HR,15,Delhi,14-05-2006,113888
Emp_136,48,Female,IT,12,Bangalore,13-12-2017,88806
Emp_137,22,Male,IT,3,Mumbai,01-08-2009,55190
Emp_138,,Male,IT,16,Pune,10-10-2021,122484
Emp_139,,Female,Sales,0,Bangalore,26-05-2013,38103
Emp_140,48,Female,Sales,17,Bangalore,25-04-2005,134345
Emp_141,40,Male,Finance,19,Bangalore,27-02-2013,128558
Emp_142,50,Female,Sales,16,Delhi,22-01-2018,106686
Emp_143,31,Male,IT,14,Mumbai,03-10-2009,91587
Emp_144,48,Male,IT,10,Bangalore,29-08-2019,93384
Emp_145,45,Male,Sales,12,Mumbai,21-11-2014,89803
Emp_146,59,Male,HR,0,Delhi,04-03-2011,37280
Emp_147,53,Male,Sales,16,Bangalore,14-04-2011,121942
Emp_148,21,Female,Sales,5,Delhi,10-12-2014,69853
Emp_149,,Male,IT,3,Delhi,24-11-2023,56031
Emp_150,33,Male,Finance,19,Mumbai,27-05-2005,141212
Emp_151,23,Female,IT,15,Bangalore,22-02-2022,105350
Emp_152,59,Male,Finance,14,Delhi,27-11-2015,108816
Emp_153,26,Female,IT,14,Bangalore,16-06-2014,110288
Emp_154,28,Female,Sales,5,Mumbai,05-05-2017,74432
Emp_155,47,Female,IT,14,Delhi,01-11-2020,101454
Emp_156,29,Male,IT,13,Mumbai,08-08-2011,100849
Emp_157,57,Male,IT,10,Bangalore,30-05-2020,76837
Emp_158,53,Male,Sales,6,Bangalore,17-05-2005,51449
Emp_159,44,Female,Sales,8,Mumbai,15-03-2014,80884
Emp_160,35,Male,Sales,15,Pune,25-03-2013,100454
Emp_161,52,Female,Sales,4,Delhi,23-09-2014,49424
Emp_162,52,Male,Finance,19,Bangalore,19-01-2005,119117
Emp_163,44,Female,Finance,9,Bangalore,21-02-2011,73869
Emp_164,32,Male,HR,17,Delhi,22-09-2022,115850
Emp_165,59,Male,Sales,2,Mumbai,31-07-2021,48412
Emp_166,22,Male,Finance,12,Mumbai,20-04-2022,109903
Emp_167,23,Female,IT,10,Mumbai,16-12-2018,84343
Emp_168,57,Female,Sales,16,Pune,25-03-2006,106845
Emp_169,37,Male,HR,12,Pune,03-05-2010,100142
Emp_170,,Male,HR,5,Bangalore,04-08-2007,67288
Emp_171,22,Female,HR,16,Mumbai,27-12-2019,104624
Emp_172,48,Female,IT,12,Delhi,20-05-2020,106613
Emp_173,43,Female,Finance,18,Bangalore,07-08-2016,137225
Emp_174,57,Male,IT,18,Delhi,24-11-2023,118848
Emp_175,52,Female,Sales,9,Bangalore,05-04-2010,81549
Emp_176,53,Male,HR,2,Pune,25-02-2013,43136
Emp_177,21,Female,IT,13,Bangalore,20-06-2016,105975
Emp_178,39,Male,IT,18,Pune,30-12-2015,110589
Emp_179,22,Female,Finance,4,Bangalore,27-08-2005,60908
Emp_180,,Female,Finance,4,Mumbai,24-07-2005,59205
Emp_181,52,Female,HR,19,Delhi,21-02-2012,143834
Emp_182,26,Female,IT,16,Mumbai,15-03-2020,106509
Emp_183,52,Female,IT,9,Bangalore,19-11-2016,72693
Emp_184,24,Male,Finance,4,Bangalore,29-06-2018,49454
Emp_185,31,Female,IT,3,Bangalore,12-04-2014,51455
Emp_186,37,Female,IT,5,Pune,20-02-2013,56708
Emp_187,58,Female,IT,3,Delhi,08-01-2017,47942
Emp_188,44,Male,Finance,6,Delhi,11-05-2012,69964
Emp_189,25,Female,HR,6,Bangalore,23-07-2018,74346
Emp_190,54,Male,Sales,17,Bangalore,13-11-2021,121652
Emp_191,26,Female,HR,2,Pune,29-05-2016,39968
Emp_192,42,Female,Sales,0,Mumbai,03-10-2019,22462
Emp_193,31,Male,IT,3,Mumbai,10-09-2008,44460
Emp_194,36,Female,HR,5,Delhi,18-01-2017,46015
Emp_195,53,Male,Sales,8,Pune,14-01-2019,87298
Emp_196,29,Male,Finance,13,Bangalore,17-11-2019,94275
Emp_197,26,Female,Finance,11,Delhi,28-03-2007,103677
Emp_198,36,Male,HR,19,Pune,20-04-2019,128269
Emp_199,49,Female,HR,3,Mumbai,01-04-2007,59368
Emp_200,23,Female,IT,11,Pune,12-07-2005,75406
Emp_201,40,Male,HR,9,Mumbai,12-11-2009,72384
Emp_202,,Male,IT,6,Pune,25-12-2014,72433
Emp_203,39,Male,IT,2,Delhi,30-08-2017,52553
Emp_204,46,Male,Finance,13,Mumbai,16-04-2022,109366
Emp_205,23,Female,Finance,9,Delhi,08-09-2005,76268
Emp_206,39,Female,Sales,15,Delhi,24-11-2009,112369
Emp_207,40,Male,Finance,15,Mumbai,21-04-2023,106795
Emp_208,52,Female,Finance,9,Mumbai,18-02-2015,69485
Emp_209,27,Female,HR,12,Bangalore,06-10-2021,88901
Emp_210,53,Female,Finance,5,Bangalore,30-09-2011,47618
Emp_211,59,Female,Sales,11,Bangalore,30-12-2023,104425
Emp_212,38,Male,HR,8,Delhi,22-01-2020,82673
Emp_213,21,Male,Sales,12,Delhi,13-03-2008,89603
Emp_214,31,Female,Finance,3,Bangalore,21-11-2021,41928
Emp_215,48,Male,Sales,10,Delhi,30-08-2015,75368
Emp_216,45,Male,HR,19,Delhi,26-08-2023,119621
Emp_217,43,Male,IT,17,Mumbai,02-01-2008,131061
Emp_218,,Female,Sales,10,Mumbai,03-05-2012,97526
Emp_219,50,Female,Sales,3,Delhi,22-01-2010,49719
Emp_220,55,Female,HR,17,Bangalore,10-09-2015,134227
Emp_221,27,Male,HR,0,Pune,20-05-2006,31126
Emp_222,36,Female,Sales,6,Bangalore,10-06-2009,57566
Emp_223,46,Female,Finance,5,Pune,28-09-2022,57306
Emp_224,22,Male,Sales,14,Bangalore,09-10-2011,111054
Emp_225,21,Female,HR,17,Mumbai,22-12-2011,129042
Emp_226,32,Female,IT,10,Delhi,19-10-2008,85086
Emp_227,25,Male,IT,19,Delhi,14-03-2013,132387
Emp_228,57,Male,Finance,14,Mumbai,19-07-2023,117042
Emp_229,52,Male,Sales,15,Pune,14-06-2015,118888
Emp_230,29,Female,IT,6,Pune,25-07-2019,68850
Emp_231,55,Female,Sales,9,Pune,19-12-2006,91514
Emp_232,39,Female,HR,11,Mumbai,17-07-2014,93323
Emp_233,36,Male,IT,13,Pune,21-02-2017,103019
Emp_234,23,Male,Finance,4,Mumbai,21-10-2006,49890
Emp_235,40,Female,HR,17,Bangalore,06-11-2018,113095
Emp_236,44,Female,Finance,4,Bangalore,23-12-2015,62649
Emp_237,53,Male,HR,2,Mumbai,22-05-2017,42719
Emp_238,44,Male,IT,4,Delhi,04-09-2018,50283
Emp_239,,Male,Finance,16,Bangalore,05-08-2016,118279
Emp_240,28,Male,Finance,18,Pune,23-04-2015,124231
Emp_241,56,Female,HR,18,Mumbai,09-03-2013,132908
Emp_242,58,Male,Finance,11,Pune,12-09-2017,103816
Emp_243,40,Female,HR,8,Pune,06-10-2010,87974
Emp_244,55,Female,HR,0,Delhi,09-06-2008,34698
Emp_245,45,Female,HR,17,Pune,16-08-2023,122457
Emp_246,55,Male,HR,3,Delhi,19-10-2011,40184
Emp_247,45,Male,IT,9,Bangalore,19-01-2006,67402
Emp_248,49,Male,HR,6,Mumbai,21-02-2012,54895
Emp_249,38,Male,Sales,0,Pune,13-07-2005,43715
Emp_250,38,Female,Finance,16,Mumbai,05-06-2015,111404
Emp_251,22,Male,Sales,1,Pune,09-03-2015,53613
Emp_252,,Male,IT,10,Mumbai,26-01-2012,85161
Emp_253,36,Female,Sales,8,Pune,10-01-2012,69343
Emp_254,56,Male,Finance,6,Pune,26-07-2012,60637
Emp_255,53,Female,Sales,16,Pune,30-08-2012,101956
Emp_256,24,Female,IT,16,Pune,30-04-2022,107023
Emp_257,53,Female,HR,1,Pune,28-05-2021,54134
Emp_258,34,Female,Sales,5,Pune,29-05-2011,59062
Emp_259,41,Female,IT,13,Pune,30-04-2014,99333
Emp_260,40,Female,IT,5,Pune,02-01-2007,48907
Emp_261,28,Female,Finance,1,Pune,20-02-2022,25807
Emp_262,,Female,Finance,0,Mumbai,12-11-2012,44762
Emp_263,23,Male,Sales,9,Delhi,18-07-2013,79031
Emp_264,37,Male,HR,4,Pune,02-02-2018,44827
Emp_265,53,Male,IT,1,Delhi,09-06-2016,54885
Emp_266,32,Male,Sales,15,Pune,25-09-2022,108699
Emp_267,42,Female,IT,1,Pune,18-02-2012,29524
Emp_268,42,Male,IT,9,Mumbai,11-07-2011,80193
Emp_269,50,Female,HR,1,Bangalore,16-06-2006,50883
Emp_270,58,Male,HR,15,Bangalore,24-08-2021,111223
Emp_271,58,Male,Sales,15,Mumbai,26-10-2016,113668
Emp_272,28,Male,HR,18,Delhi,27-09-2006,115313
Emp_273,47,Female,HR,6,Bangalore,05-11-2009,63598
Emp_274,47,Male,Sales,11,Mumbai,02-06-2015,88058
Emp_275,54,Female,HR,14,Mumbai,29-06-2011,107141
Emp_276,41,Female,Finance,7,Bangalore,07-05-2021,83807
Emp_277,50,Male,IT,5,Delhi,03-01-2005,49887
Emp_278,53,Male,IT,9,Mumbai,01-12-2020,68854
Emp_279,48,Male,IT,2,Pune,25-07-2005,42458
Emp_280,,Female,IT,18,Delhi,18-04-2021,136782
Emp_281,25,Male,Sales,16,Delhi,28-04-2016,114536
Emp_282,39,Female,IT,6,Bangalore,25-12-2021,53558
Emp_283,24,Female,IT,19,Bangalore,06-03-2012,124772
Emp_284,55,Male,IT,3,Pune,23-12-2017,52345
Emp_285,37,Male,IT,13,Mumbai,28-05-2020,105231
Emp_286,48,Female,Finance,19,Bangalore,09-06-2021,138110
Emp_287,50,Female,IT,14,Bangalore,30-11-2012,93575
Emp_288,49,Female,Finance,7,Delhi,29-09-2013,80451
Emp_289,26,Male,Sales,14,Bangalore,20-04-2012,92418
Emp_290,55,Female,HR,19,Bangalore,31-01-2022,119198
Emp_291,57,Male,IT,13,Bangalore,20-01-2014,86001
Emp_292,44,Female,HR,8,Bangalore,17-06-2007,81628
Emp_293,49,Female,HR,7,Delhi,22-12-2007,82960
Emp_294,51,Male,Sales,16,Pune,03-07-2008,107119
Emp_295,55,Female,HR,1,Pune,11-05-2023,45450
Emp_296,53,Male,Finance,2,Mumbai,10-10-2022,49229
Emp_297,41,Male,HR,7,Bangalore,02-11-2006,64673
Emp_298,52,Female,HR,11,Delhi,14-02-2009,102877
Emp_299,43,Male,HR,0,Mumbai,09-09-2022,45233
Emp_300,53,Male,IT,9,Mumbai,16-10-2014,70316
Emp_301,,Female,IT,19,Pune,08-03-2018,131244
Emp_302,38,Male,Finance,2,Delhi,24-02-2019,57356
Emp_303,45,Male,Finance,5,Delhi,10-05-2010,61806
Emp_304,51,Male,IT,6,Delhi,23-05-2019,73099
Emp_305,23,Female,Finance,19,Pune,07-09-2005,126873
Emp_306,44,Male,IT,17,Pune,06-09-2022,109266
Emp_307,52,Female,Sales,10,Pune,08-03-2010,77549
Emp_308,42,Female,HR,18,Pune,02-06-2014,132700
Emp_309,43,Male,HR,4,Pune,28-01-2010,59094
Emp_310,22,Male,Finance,18,Bangalore,25-10-2012,135028
Emp_311,47,Male,IT,10,Bangalore,12-02-2009,80589
Emp_312,22,Female,IT,11,Delhi,09-04-2014,99453
Emp_313,46,Male,Finance,9,Mumbai,12-10-2014,91551
Emp_314,37,Male,IT,7,Delhi,21-05-2015,56657
Emp_315,53,Male,Sales,8,Mumbai,20-05-2014,78925
Emp_316,29,Male,HR,3,Pune,24-02-2023,41763
Emp_317,59,Male,Finance,4,Mumbai,06-08-2019,59459
Emp_318,49,Female,Finance,7,Delhi,13-02-2005,58164
Emp_319,46,Female,IT,8,Delhi,22-11-2014,87542
Emp_320,55,Male,Finance,14,Mumbai,03-03-2012,108437
Emp_321,45,Male,Sales,14,Bangalore,23-10-2017,98479
Emp_322,44,Male,IT,15,Pune,30-08-2013,100737
Emp_323,33,Male,IT,13,Pune,12-07-2008,104601
Emp_324,27,Female,IT,7,Delhi,21-01-2013,83430
Emp_325,56,Male,IT,17,Bangalore,08-08-2005,122831
Emp_326,40,Female,Sales,9,Mumbai,10-04-2010,71009
Emp_327,21,Female,IT,19,Pune,20-02-2013,131991
Emp_328,28,Male,Finance,5,Bangalore,15-08-2014,49552
Emp_329,36,Female,Sales,11,Pune,15-09-2011,93148
Emp_330,34,Female,HR,1,Bangalore,04-07-2014,34417
Emp_331,32,Female,HR,6,Bangalore,06-08-2012,75811
Emp_332,43,Female,Finance,15,Delhi,18-09-2007,104221
Emp_333,35,Male,Finance,2,Pune,25-01-2013,32671
Emp_334,48,Male,Sales,12,Mumbai,18-12-2009,86519
Emp_335,54,Female,HR,2,Delhi,25-07-2018,33962
Emp_336,22,Male,HR,17,Delhi,15-03-2007,117734
Emp_337,52,Male,HR,10,Mumbai,05-05-2006,83122
Emp_338,43,Male,HR,7,Delhi,27-09-2014,74561
Emp_339,42,Male,HR,5,Bangalore,02-02-2021,48722
Emp_340,45,Male,IT,0,Bangalore,02-02-2009,24906
Emp_341,42,Female,Finance,0,Pune,25-12-2014,27263
Emp_342,42,Male,IT,7,Pune,01-12-2012,68699
Emp_343,26,Male,HR,4,Mumbai,02-09-2009,61438
Emp_344,35,Male,Sales,15,Pune,18-08-2014,121051
Emp_345,57,Male,Sales,10,Bangalore,23-02-2014,81088
Emp_346,53,Female,HR,4,Mumbai,21-07-2022,40808
Emp_347,28,Female,HR,3,Mumbai,23-02-2005,44170
Emp_348,25,Female,Sales,5,Pune,20-01-2012,61260
Emp_349,59,Female,IT,13,Bangalore,01-11-2014,112039
Emp_350,24,Male,IT,18,Mumbai,08-09-2006,127109
Emp_351,26,Female,HR,8,Bangalore,07-03-2019,70693
Emp_352,52,Male,IT,11,Bangalore,11-04-2021,102938
Emp_353,50,Male,Sales,10,Bangalore,13-08-2007,77701
Emp_354,55,Male,IT,13,Pune,31-08-2011,102600
Emp_355,36,Male,HR,15,Delhi,18-06-2009,115435
Emp_356,33,Male,Sales,0,Delhi,13-08-2012,38581
Emp_357,50,Female,IT,12,Mumbai,13-10-2023,94191
Emp_358,39,Female,Finance,12,Bangalore,12-10-2006,99190
Emp_359,37,Female,Sales,1,Pune,06-06-2011,50354
Emp_360,39,Female,Sales,3,Bangalore,18-04-2017,52356
Emp_361,48,Male,Finance,5,Bangalore,23-12-2013,72386
Emp_362,46,Female,Finance,4,Pune,09-12-2019,62018
Emp_363,57,Male,Sales,2,Delhi,25-03-2012,43704
Emp_364,46,Female,Finance,0,Bangalore,30-05-2015,43867
Emp_365,,Male,HR,3,Bangalore,06-01-2012,37123
Emp_366,29,Male,HR,19,Delhi,24-11-2013,140174
Emp_367,32,Female,HR,1,Pune,27-11-2022,36533
Emp_368,21,Male,Sales,4,Mumbai,06-01-2006,56608
Emp_369,21,Male,Finance,2,Delhi,08-05-2007,44448
Emp_370,54,Female,Finance,8,Mumbai,19-05-2018,74586
Emp_371,52,Male,IT,19,Mumbai,06-01-2018,140416
Emp_372,45,Female,IT,5,Delhi,02-11-2023,46814
Emp_373,21,Female,Finance,17,Bangalore,11-01-2020,118001
Emp_374,36,Female,Finance,5,Mumbai,19-01-2006,62490
Emp_375,59,Male,Finance,18,Mumbai,28-12-2021,126508
Emp_376,25,Male,Sales,11,Pune,14-08-2015,94630
Emp_377,42,Male,Finance,10,Bangalore,28-12-2011,83380
Emp_378,49,Female,IT,1,Mumbai,13-11-2016,40406
Emp_379,23,Male,Sales,14,Pune,30-09-2016,92931
Emp_380,32,Female,Finance,11,Bangalore,18-06-2012,88567
Emp_381,46,Female,IT,11,Delhi,18-01-2016,89038
Emp_382,36,Male,Sales,8,Delhi,07-01-2014,72317
Emp_383,57,Female,Finance,1,Pune,27-12-2021,27971
Emp_384,42,Male,Finance,2,Delhi,16-05-2019,32017
Emp_385,49,Male,Finance,11,Mumbai,12-09-2023,98799
Emp_386,34,Male,Sales,15,Bangalore,25-09-2021,97415
Emp_387,48,Male,IT,0,Mumbai,22-08-2016,49166
Emp_388,25,Male,IT,2,Mumbai,03-12-2015,49480
Emp_389,50,Female,HR,19,Delhi,12-07-2007,116609
Emp_390,25,Female,Finance,1,Mumbai,25-12-2012,25717
Emp_391,,Female,HR,8,Delhi,29-01-2013,79945
Emp_392,36,Male,HR,18,Bangalore,15-08-2020,135592
Emp_393,46,Male,IT,14,Bangalore,05-05-2013,118141
Emp_394,46,Male,Sales,17,Mumbai,02-09-2007,134277
Emp_395,,Female,Sales,10,Pune,15-05-2008,82662
Emp_396,59,Male,IT,15,Delhi,02-09-2011,101782
Emp_397,56,Female,Sales,16,Delhi,20-12-2009,126536
Emp_398,53,Female,HR,4,Mumbai,13-01-2013,41048
Emp_399,50,Male,Finance,11,Delhi,05-07-2018,100933
Emp_400,57,Male,IT,10,Delhi,17-09-2021,81618
Emp_401,43,Female,Finance,14,Pune,25-09-2008,98307
Emp_402,30,Male,Sales,2,Pune,16-10-2015,56671
Emp_403,25,Female,Finance,0,Mumbai,02-10-2022,27905
Emp_404,56,Male,Sales,19,Pune,23-07-2005,124993
Emp_405,54,Male,Sales,15,Mumbai,10-06-2005,105338
Emp_406,51,Female,HR,1,Bangalore,15-04-2017,30578
Emp_407,30,Male,Sales,1,Mumbai,08-02-2007,38834
Emp_408,39,Female,HR,2,Bangalore,07-04-2015,48004
Emp_409,52,Male,HR,7,Mumbai,25-05-2023,61548
Emp_410,21,Female,HR,14,Delhi,26-01-2012,97381
Emp_411,25,Female,IT,6,Pune,30-12-2007,71164
Emp_412,24,Male,IT,5,Bangalore,28-04-2017,72526
Emp_413,36,Female,Sales,8,Mumbai,31-08-2006,80176
Emp_414,44,Male,HR,19,Pune,20-08-2020,117941
Emp_415,36,Male,IT,0,Mumbai,21-03-2009,25695
Emp_416,22,Male,HR,7,Pune,15-11-2012,61401
Emp_417,48,Female,Finance,2,Pune,27-09-2013,45179
Emp_418,52,Female,Finance,3,Mumbai,12-01-2010,49456
Emp_419,47,Male,Finance,14,Bangalore,21-11-2006,103097
Emp_420,40,Male,Sales,5,Bangalore,18-04-2015,70553
Emp_421,44,Female,HR,14,Delhi,28-01-2013,96197
Emp_422,32,Male,Finance,2,Pune,12-08-2019,57642
Emp_423,55,Male,IT,13,Delhi,05-10-2010,90450
Emp_424,53,Female,Finance,19,Delhi,01-01-2006,140359
Emp_425,53,Male,Finance,13,Mumbai,06-12-2020,109816
Emp_426,57,Female,Finance,3,Mumbai,16-10-2014,57258
Emp_427,32,Male,Sales,11,Mumbai,17-06-2017,92937
Emp_428,23,Female,IT,16,Pune,01-07-2016,129154
Emp_429,21,Male,HR,6,Mumbai,04-06-2016,67396
Emp_430,53,Male,IT,8,Mumbai,04-11-2016,68378
Emp_431,30,Female,HR,2,Pune,09-07-2021,31881
Emp_432,49,Male,Sales,12,Pune,07-07-2011,86799
Emp_433,33,Female,Sales,14,Bangalore,20-04-2008,104597
Emp_434,32,Male,Sales,17,Mumbai,29-08-2018,134624
Emp_435,51,Female,Sales,18,Mumbai,07-07-2015,123675
Emp_436,22,Female,HR,0,Mumbai,10-07-2020,24586
Emp_437,55,Female,Finance,5,Bangalore,28-06-2012,70006
Emp_438,43,Female,HR,1,Mumbai,23-11-2021,33430
Emp_439,37,Male,IT,13,Bangalore,02-03-2014,107831
Emp_440,46,Male,Sales,5,Delhi,03-08-2009,47345
Emp_441,28,Female,Sales,13,Bangalore,26-10-2005,101459
Emp_442,49,Female,IT,3,Delhi,15-08-2007,44548
Emp_443,46,Female,HR,7,Mumbai,20-01-2008,60877
Emp_444,30,Male,Finance,2,Delhi,19-02-2023,36785
Emp_445,46,Male,Finance,18,Bangalore,23-05-2023,125833
Emp_446,54,Male,IT,13,Pune,11-11-2011,89922
Emp_447,27,Male,Finance,19,Delhi,14-01-2009,139474
Emp_448,,Female,HR,16,Delhi,19-03-2017,118714
Emp_449,31,Female,HR,7,Mumbai,12-11-2020,59686
Emp_450,49,Female,IT,13,Bangalore,05-03-2017,99407
Emp_451,56,Male,HR,5,Delhi,16-03-2015,63286
Emp_452,45,Male,Sales,15,Delhi,04-07-2014,107205
Emp_453,41,Male,IT,18,Delhi,07-07-2022,131054
Emp_454,56,Female,HR,13,Delhi,29-09-2012,108527
Emp_455,30,Female,IT,18,Pune,06-06-2021,123179
Emp_456,57,Male,Finance,2,Bangalore,21-10-2012,48443
Emp_457,29,Female,HR,9,Mumbai,26-12-2018,81524
Emp_458,44,Male,Sales,18,Mumbai,12-11-2011,128173
Emp_459,55,Male,HR,8,Pune,29-04-2015,88202
Emp_460,,Female,IT,19,Bangalore,12-02-2013,115016
Emp_461,56,Male,IT,12,Delhi,31-07-2017,93374
Emp_462,38,Female,HR,6,Pune,08-08-2007,78924
Emp_463,59,Male,Sales,13,Bangalore,04-09-2021,101848
Emp_464,52,Female,Sales,8,Delhi,26-10-2021,80855
Emp_465,44,Female,Sales,18,Pune,09-08-2017,128211
Emp_466,43,Female,IT,14,Bangalore,07-11-2019,117604
Emp_467,52,Male,HR,19,Mumbai,12-03-2023,140095
Emp_468,57,Male,Finance,13,Mumbai,21-10-2012,90956
Emp_469,32,Female,IT,5,Bangalore,17-06-2023,61473
Emp_470,33,Female,Sales,3,Mumbai,15-06-2005,39815
Emp_471,43,Male,HR,7,Bangalore,19-07-2014,74235
Emp_472,45,Male,Sales,16,Delhi,15-11-2011,102843
Emp_473,55,Male,Finance,8,Bangalore,09-07-2007,89301
Emp_474,50,Female,Sales,0,Delhi,24-04-2005,46460
Emp_475,37,Male,Sales,19,Pune,06-08-2014,143747
Emp_476,40,Male,Finance,13,Bangalore,19-09-2007,100972
Emp_477,,Female,HR,10,Pune,23-07-2021,95501
Emp_478,42,Male,IT,2,Mumbai,22-05-2022,58310
Emp_479,33,Male,HR,8,Delhi,07-07-2015,82927
Emp_480,39,Male,Finance,13,Bangalore,12-06-2008,107285
Emp_481,56,Female,Sales,8,Pune,20-05-2014,77353
Emp_482,32,Female,HR,3,Delhi,30-05-2006,36094
Emp_483,39,Female,IT,3,Delhi,03-08-2019,41124
Emp_484,32,Female,Finance,7,Mumbai,26-02-2018,78731
Emp_485,29,Female,HR,1,Mumbai,02-10-2013,44579
Emp_486,27,Female,IT,8,Delhi,14-03-2022,61404
Emp_487,48,Female,Finance,13,Delhi,21-02-2017,112940
Emp_488,34,Male,IT,8,Bangalore,29-01-2012,83324
Emp_489,51,Male,Finance,15,Delhi,09-03-2005,115674
Emp_490,39,Female,Sales,16,Bangalore,16-05-2009,103982
Emp_491,36,Male,HR,15,Delhi,01-07-2020,107515
Emp_492,25,Male,IT,11,Mumbai,06-04-2017,90790
Emp_493,55,Female,Finance,2,Bangalore,19-01-2005,42205
Emp_494,32,Male,IT,10,Pune,23-06-2012,91939
Emp_495,45,Male,IT,13,Mumbai,23-08-2014,109338
Emp_496,41,Male,HR,17,Bangalore,09-01-2022,117748
Emp_497,56,Male,Sales,4,Bangalore,27-07-2006,61097
Emp_498,43,Male,IT,15,Pune,10-10-2019,98092
Emp_499,36,Female,Finance,19,Bangalore,09-03-2011,135543
Emp_500,59,Female,Finance,4,Delhi,12-12-2012,62692
Emp_501,59,Female,Sales,2,Pune,15-07-2021,56650
Emp_502,34,Male,Finance,11,Mumbai,13-10-2006,98862
Emp_503,51,Female,Sales,0,Mumbai,20-09-2020,44860
Emp_504,25,Male,Finance,8,Delhi,08-12-2018,73971
Emp_505,55,Male,HR,8,Mumbai,22-09-2023,74616
Emp_506,43,Male,IT,3,Bangalore,01-02-2012,39933
Emp_507,49,Male,HR,2,Bangalore,07-12-2013,34926
Emp_508,31,Female,IT,16,Delhi,31-08-2008,125763
Emp_509,38,Female,IT,1,Mumbai,06-09-2018,28969
Emp_510,32,Male,IT,0,Mumbai,14-12-2014,22965
Emp_511,29,Female,HR,7,Delhi,29-10-2020,59319
Emp_512,30,Male,IT,12,Pune,28-09-2012,88975
Emp_513,37,Female,HR,14,Mumbai,22-07-2020,97108
Emp_514,58,Female,Sales,7,Pune,25-06-2021,64141
Emp_515,27,Male,Finance,11,Mumbai,03-02-2021,95323
Emp_516,33,Female,Finance,11,Mumbai,30-04-2019,91428
Emp_517,29,Male,IT,13,Mumbai,27-01-2011,86810
Emp_518,47,Female,HR,14,Mumbai,10-09-2014,110950
Emp_519,22,Male,Finance,14,Bangalore,16-07-2021,100273
Emp_520,25,Male,HR,8,Pune,04-11-2007,88074
Emp_521,49,Female,HR,18,Pune,22-12-2020,119021
Emp_522,57,Female,IT,19,Mumbai,01-01-2017,133293
Emp_523,58,Male,Finance,7,Mumbai,23-11-2015,61364
Emp_524,39,Female,IT,18,Pune,04-05-2022,112581
Emp_525,28,Female,IT,5,Bangalore,09-02-2013,45691
Emp_526,21,Male,Finance,19,Delhi,01-11-2013,143595
Emp_527,42,Male,Finance,18,Delhi,27-07-2020,110931
Emp_528,37,Female,Sales,3,Pune,21-09-2023,48128
Emp_529,27,Male,Sales,6,Mumbai,29-12-2020,74294
Emp_530,45,Male,HR,3,Mumbai,10-02-2023,49226
Emp_531,24,Male,Finance,11,Bangalore,04-01-2008,88861
Emp_532,56,Female,Sales,12,Delhi,14-05-2011,95475
Emp_533,26,Female,HR,2,Bangalore,29-07-2007,52766
Emp_534,51,Male,HR,11,Delhi,06-03-2015,78406
Emp_535,39,Female,HR,1,Pune,08-05-2014,33339
Emp_536,59,Male,Sales,1,Delhi,19-12-2008,42416
Emp_537,47,Female,Finance,8,Bangalore,25-07-2006,77695
Emp_538,30,Male,IT,0,Bangalore,14-12-2012,28579
Emp_539,46,Male,HR,7,Bangalore,15-12-2018,58121
Emp_540,39,Female,Sales,5,Pune,08-07-2019,63257
Emp_541,59,Male,Sales,5,Delhi,11-11-2011,73164
Emp_542,23,Female,IT,17,Delhi,07-07-2007,130491
Emp_543,33,Female,IT,16,Bangalore,18-02-2010,126454
Emp_544,48,Male,Sales,11,Delhi,30-06-2018,98165
Emp_545,40,Male,Finance,5,Mumbai,08-05-2022,60946
Emp_546,48,Female,IT,7,Mumbai,06-08-2009,58748
Emp_547,28,Male,Sales,18,Mumbai,08-09-2006,110277
Emp_548,59,Male,IT,9,Delhi,29-04-2017,91553
Emp_549,21,Male,Finance,0,Pune,16-10-2009,38243
Emp_550,23,Male,HR,12,Pune,23-06-2015,107612
Emp_551,33,Male,IT,16,Pune,18-10-2023,111563
Emp_552,48,Female,Finance,2,Pune,20-06-2016,52313
Emp_553,,Female,Sales,7,Mumbai,14-10-2011,61792
Emp_554,53,Male,IT,13,Mumbai,02-01-2018,106097
Emp_555,58,Male,IT,2,Bangalore,07-08-2014,43918
Emp_556,,Male,Sales,15,Delhi,08-07-2014,105374
Emp_557,52,Female,HR,12,Delhi,27-05-2017,84675
Emp_558,41,Male,Sales,19,Pune,10-02-2008,116170
Emp_559,36,Female,IT,16,Mumbai,15-12-2015,108681
Emp_560,41,Female,Sales,12,Pune,10-01-2006,90717
Emp_561,31,Female,Finance,5,Bangalore,19-02-2019,70758
Emp_562,57,Male,Sales,16,Delhi,26-07-2005,129055
Emp_563,56,Female,IT,13,Delhi,08-05-2018,97450
Emp_564,55,Male,Sales,16,Pune,12-08-2008,110680
Emp_565,39,Female,HR,7,Bangalore,16-02-2008,65068
Emp_566,,Male,Sales,10,Delhi,02-09-2017,91692
Emp_567,38,Female,HR,19,Bangalore,11-04-2022,117462
Emp_568,34,Male,Finance,0,Bangalore,14-05-2012,33650
Emp_569,35,Female,HR,6,Pune,30-11-2013,76206
Emp_570,51,Male,Sales,16,Mumbai,31-03-2005,129876
Emp_571,21,Male,IT,9,Pune,11-04-2019,65287
Emp_572,,Male,HR,10,Mumbai,01-04-2016,92337
Emp_573,36,Male,Finance,8,Bangalore,09-04-2013,80666
Emp_574,43,Female,HR,8,Mumbai,01-02-2010,78291
Emp_575,31,Female,HR,4,Bangalore,16-03-2007,41161
Emp_576,32,Male,HR,16,Delhi,03-08-2007,116513
Emp_577,30,Female,Finance,8,Delhi,21-08-2012,82721
Emp_578,52,Male,Sales,16,Delhi,20-04-2021,102363
Emp_579,36,Male,HR,18,Pune,12-08-2015,134535
Emp_580,28,Female,HR,6,Pune,30-05-2009,55983
Emp_581,58,Male,IT,8,Bangalore,02-01-2013,76527
Emp_582,32,Male,Finance,6,Delhi,31-07-2021,58207
Emp_583,44,Female,HR,12,Pune,19-08-2015,103853
Emp_584,,Male,Finance,10,Delhi,27-10-2013,84758
Emp_585,28,Male,HR,13,Pune,18-08-2023,85244
Emp_586,,Male,Sales,18,Mumbai,05-02-2019,127310
Emp_587,56,Male,Sales,10,Mumbai,09-01-2017,73178
Emp_588,46,Female,HR,12,Delhi,01-10-2018,82176
Emp_589,28,Female,Sales,13,Bangalore,19-12-2017,90002
Emp_590,48,Female,HR,12,Pune,16-07-2011,80886
Emp_591,48,Male,Sales,0,Pune,07-12-2017,44916
Emp_592,57,Male,IT,7,Mumbai,09-01-2023,81627
Emp_593,56,Female,IT,11,Mumbai,31-05-2019,94782
Emp_594,,Male,IT,18,Bangalore,31-07-2007,123721
Emp_595,37,Male,Finance,11,Bangalore,27-06-2018,87142
Emp_596,29,Male,Finance,7,Bangalore,23-01-2021,79881
Emp_597,53,Male,IT,7,Delhi,11-01-2012,80483
Emp_598,40,Female,Finance,12,Mumbai,03-09-2007,82654
Emp_599,33,Female,Sales,11,Delhi,13-08-2007,86984
Emp_600,48,Female,HR,15,Mumbai,16-06-2008,118776
Emp_601,49,Male,HR,0,Mumbai,27-10-2018,48618
Emp_602,33,Female,HR,12,Pune,02-08-2007,97755
Emp_603,55,Female,IT,6,Mumbai,12-01-2011,57135
Emp_604,26,Male,Finance,4,Mumbai,07-07-2019,40320
Emp_605,38,Male,Sales,7,Delhi,23-01-2022,59654
Emp_606,25,Female,Sales,13,Mumbai,10-02-2014,113635
Emp_607,45,Female,IT,12,Delhi,01-06-2020,101684
Emp_608,22,Female,Sales,14,Bangalore,21-03-2019,113145
Emp_609,30,Female,Sales,16,Mumbai,14-09-2016,123238
Emp_610,50,Male,Sales,14,Mumbai,10-03-2011,111889
Emp_611,25,Female,Sales,19,Delhi,03-01-2010,131131
Emp_612,53,Female,Finance,17,Bangalore,11-06-2008,130707
Emp_613,21,Male,Sales,17,Pune,10-04-2006,115770
Emp_614,38,Female,HR,1,Bangalore,27-01-2021,31553
Emp_615,52,Male,IT,3,Delhi,08-01-2014,55426
Emp_616,31,Male,Finance,0,Bangalore,20-07-2023,31559
Emp_617,41,Male,Sales,3,Delhi,15-05-2008,44009
Emp_618,46,Female,Finance,17,Delhi,08-04-2012,118482
Emp_619,45,Female,Sales,4,Pune,04-06-2007,47498
Emp_620,42,Male,HR,18,Mumbai,03-06-2015,116636
Emp_621,47,Female,IT,14,Delhi,28-10-2022,97362
Emp_622,33,Female,Sales,7,Delhi,30-07-2022,71395
Emp_623,53,Male,Sales,19,Pune,11-11-2022,131578
Emp_624,54,Male,Sales,16,Delhi,12-11-2019,102537
Emp_625,55,Female,Sales,0,Mumbai,29-09-2020,39226
Emp_626,21,Male,IT,11,Pune,20-10-2018,90216
Emp_627,41,Female,IT,18,Mumbai,24-07-2015,128613
Emp_628,26,Female,HR,14,Mumbai,02-08-2013,93009
Emp_629,48,Female,IT,8,Pune,14-07-2007,84368
Emp_630,37,Female,Sales,6,Delhi,10-07-2021,79327
Emp_631,25,Male,HR,1,Mumbai,26-07-2017,39209
Emp_632,51,Male,HR,8,Mumbai,27-03-2009,75675
Emp_633,25,Male,HR,9,Mumbai,10-08-2021,80029
Emp_634,58,Male,Sales,1,Mumbai,31-12-2007,27077
Emp_635,23,Female,Finance,18,Pune,09-08-2011,123907
Emp_636,43,Female,Sales,10,Pune,02-03-2012,94229
Emp_637,57,Male,IT,12,Bangalore,19-03-2021,83867
Emp_638,57,Female,IT,9,Bangalore,02-02-2007,81152
Emp_639,30,Female,Sales,13,Mumbai,13-05-2011,114791
Emp_640,30,Female,Sales,17,Delhi,08-05-2016,109873
Emp_641,39,Male,HR,18,Mumbai,07-08-2012,118635
Emp_642,37,Male,Sales,8,Delhi,11-09-2018,60297
Emp_643,41,Male,HR,6,Mumbai,04-10-2017,63095
Emp_644,34,Female,IT,2,Bangalore,11-05-2018,52240
Emp_645,29,Male,HR,19,Bangalore,24-02-2023,124036
Emp_646,21,Male,Sales,5,Delhi,22-08-2013,46015
Emp_647,33,Male,IT,1,Mumbai,15-11-2015,26384
Emp_648,24,Male,Finance,5,Delhi,03-08-2010,70973
Emp_649,21,Male,HR,2,Bangalore,25-03-2021,38745
Emp_650,52,Male,IT,15,Mumbai,07-08-2006,113734
Emp_651,54,Female,HR,7,Mumbai,30-10-2019,84092
Emp_652,48,Female,IT,1,Delhi,10-11-2016,42653
Emp_653,51,Male,IT,16,Pune,05-10-2010,101260
Emp_654,28,Male,HR,8,Delhi,27-04-2010,67701
Emp_655,59,Female,Finance,11,Bangalore,14-03-2017,99760
Emp_656,46,Female,IT,2,Bangalore,02-07-2021,50947
Emp_657,54,Male,IT,10,Bangalore,20-04-2005,93281
Emp_658,23,Male,IT,0,Bangalore,11-07-2005,46986
Emp_659,32,Male,Finance,12,Bangalore,23-06-2007,109978
Emp_660,21,Male,Finance,14,Pune,10-04-2019,112056
Emp_661,25,Female,Sales,4,Mumbai,12-05-2007,69007
Emp_662,50,Male,HR,16,Delhi,18-05-2023,110401
Emp_663,50,Male,Finance,5,Delhi,20-12-2007,60519
Emp_664,37,Male,HR,10,Bangalore,12-10-2006,91977
Emp_665,43,Male,Sales,17,Delhi,27-04-2016,116864
Emp_666,35,Female,HR,3,Bangalore,21-11-2014,50681
Emp_667,57,Female,Finance,2,Pune,29-09-2006,52539
Emp_668,41,Female,HR,12,Pune,03-11-2007,85543
Emp_669,34,Male,Finance,8,Mumbai,24-04-2016,83624
Emp_670,22,Male,HR,5,Pune,19-11-2010,66067
Emp_671,31,Female,Finance,11,Pune,02-08-2015,93265
Emp_672,59,Male,Finance,1,Mumbai,24-08-2013,37488
Emp_673,58,Male,HR,2,Delhi,28-10-2014,55097
Emp_674,54,Female,Sales,2,Bangalore,08-01-2014,40079
Emp_675,58,Female,IT,11,Bangalore,11-12-2019,85744
Emp_676,54,Female,Sales,14,Delhi,24-08-2021,93809
Emp_677,38,Female,HR,8,Mumbai,01-09-2016,82191
Emp_678,50,Male,Sales,7,Delhi,28-08-2011,76267
Emp_679,35,Male,Finance,10,Pune,23-02-2010,77206
Emp_680,47,Female,IT,15,Mumbai,11-11-2015,115539
Emp_681,54,Male,HR,3,Mumbai,26-12-2023,56057
Emp_682,58,Female,HR,0,Mumbai,03-03-2015,48992
Emp_683,53,Female,HR,6,Bangalore,19-04-2016,63746
Emp_684,44,Male,IT,1,Delhi,30-03-2016,40995
Emp_685,35,Female,Finance,4,Mumbai,05-07-2010,56035
Emp_686,50,Male,HR,6,Mumbai,28-03-2014,61671
Emp_687,37,Male,Sales,3,Mumbai,14-11-2010,48210
Emp_688,25,Male,HR,4,Delhi,06-11-2011,57793
Emp_689,49,Male,HR,0,Bangalore,07-05-2022,46270
Emp_690,24,Female,HR,0,Pune,18-07-2017,49240
Emp_691,30,Male,HR,14,Bangalore,13-07-2008,95197
Emp_692,37,Female,Finance,19,Mumbai,18-12-2008,130553
Emp_693,30,Female,Sales,18,Bangalore,05-10-2013,117452
Emp_694,37,Female,Finance,9,Bangalore,22-06-2022,73718
Emp_695,40,Female,Sales,17,Pune,28-04-2010,119859
Emp_696,44,Male,HR,2,Delhi,04-08-2021,57236
Emp_697,25,Male,IT,10,Delhi,19-09-2013,72172
Emp_698,54,Female,Finance,14,Bangalore,14-04-2021,103158
Emp_699,26,Female,IT,10,Bangalore,28-03-2020,86663
Emp_700,22,Male,Finance,16,Delhi,16-12-2019,127540
Emp_701,33,Female,HR,16,Delhi,22-10-2013,120361
Emp_702,31,Male,Finance,5,Pune,03-08-2013,64053
Emp_703,43,Female,HR,4,Mumbai,01-02-2014,51085
Emp_704,36,Male,Finance,7,Bangalore,14-08-2012,79209
Emp_705,51,Female,HR,1,Delhi,18-09-2007,51327
Emp_706,,Female,HR,15,Bangalore,22-06-2018,98981
Emp_707,,Male,Sales,19,Bangalore,21-03-2020,136153
Emp_708,28,Female,HR,11,Delhi,24-11-2010,80247
Emp_709,24,Female,Sales,5,Pune,26-04-2022,55553
Emp_710,24,Male,HR,0,Bangalore,29-04-2022,40811
Emp_711,45,Female,IT,3,Pune,14-08-2005,64845
Emp_712,23,Male,HR,16,Delhi,16-02-2007,106135
Emp_713,52,Male,IT,12,Mumbai,08-10-2012,85573
Emp_714,23,Female,IT,17,Mumbai,06-04-2019,125515
Emp_715,47,Female,HR,4,Bangalore,19-11-2006,66284
Emp_716,49,Female,IT,2,Delhi,14-06-2006,43731
Emp_717,52,Female,Sales,10,Pune,05-06-2014,77189
Emp_718,39,Female,Finance,12,Bangalore,16-11-2018,94541
Emp_719,41,Female,HR,3,Delhi,11-10-2018,45878
Emp_720,25,Female,IT,13,Delhi,10-02-2020,96087
Emp_721,38,Male,HR,10,Pune,24-11-2010,83667
Emp_722,48,Female,Sales,9,Bangalore,18-07-2008,85919
Emp_723,42,Male,HR,18,Delhi,08-09-2021,112776
Emp_724,41,Female,HR,17,Delhi,07-03-2009,114311
Emp_725,26,Female,IT,5,Delhi,27-01-2018,72564
Emp_726,,Male,Sales,14,Pune,06-12-2012,118835
Emp_727,25,Female,Finance,9,Bangalore,01-07-2013,93819
Emp_728,32,Female,Finance,4,Bangalore,07-09-2011,47697
Emp_729,46,Male,IT,4,Bangalore,28-04-2016,54629
Emp_730,54,Female,HR,9,Bangalore,18-08-2023,73386
Emp_731,34,Female,IT,4,Mumbai,31-05-2015,57046
Emp_732,46,Female,IT,2,Mumbai,30-03-2019,55055
Emp_733,47,Male,IT,5,Bangalore,25-04-2007,53044
Emp_734,29,Female,HR,3,Pune,27-12-2020,55602
Emp_735,46,Female,Sales,17,Mumbai,16-05-2022,114615
Emp_736,42,Female,IT,8,Delhi,23-03-2006,75034
Emp_737,50,Female,HR,16,Mumbai,21-09-2015,105060
Emp_738,37,Male,Sales,12,Delhi,07-07-2013,90900
Emp_739,46,Male,IT,14,Bangalore,19-05-2008,117751
Emp_740,,Female,Finance,19,Mumbai,14-01-2023,137258
Emp_741,21,Female,Sales,16,Pune,30-11-2019,105581
Emp_742,28,Male,IT,12,Mumbai,27-11-2023,108390
Emp_743,55,Male,Sales,15,Mumbai,15-08-2005,97014
Emp_744,35,Female,Sales,3,Mumbai,06-05-2016,55173
Emp_745,42,Male,Sales,4,Bangalore,07-02-2013,52997
Emp_746,34,Female,Sales,4,Pune,21-03-2020,50635
Emp_747,46,Male,Sales,8,Mumbai,05-01-2010,85487
Emp_748,48,Male,Sales,16,Pune,08-05-2015,113648
Emp_749,43,Male,IT,12,Bangalore,06-07-2005,87148
Emp_750,34,Male,Finance,1,Delhi,07-10-2022,49150
Emp_751,44,Female,HR,12,Mumbai,08-06-2022,107789
Emp_752,22,Male,Sales,18,Pune,17-11-2012,128748
Emp_753,46,Male,HR,2,Pune,11-12-2011,44022
Emp_754,34,Female,IT,9,Bangalore,17-04-2010,85013
Emp_755,27,Male,Sales,1,Mumbai,03-01-2013,30919
Emp_756,23,Male,Finance,12,Delhi,29-04-2007,95886
Emp_757,43,Female,HR,18,Pune,26-07-2010,132059
Emp_758,38,Male,Sales,16,Mumbai,06-06-2008,128048
Emp_759,58,Female,IT,13,Delhi,01-02-2020,110256
Emp_760,55,Female,Finance,11,Pune,23-11-2018,81638
Emp_761,35,Female,HR,11,Pune,18-08-2020,79651
Emp_762,45,Female,HR,10,Delhi,31-12-2018,70609
Emp_763,57,Male,Sales,6,Delhi,03-05-2022,57940
Emp_764,48,Female,Finance,3,Bangalore,25-02-2010,45348
Emp_765,30,Male,Finance,18,Mumbai,27-09-2005,113866
Emp_766,59,Male,Finance,0,Mumbai,19-06-2009,36755
Emp_767,37,Male,Finance,2,Bangalore,23-01-2017,53382
Emp_768,59,Male,IT,12,Pune,09-10-2013,96999
Emp_769,42,Male,Finance,14,Delhi,23-10-2021,113295
Emp_770,46,Male,HR,1,Delhi,24-04-2009,47394
Emp_771,,Male,HR,10,Delhi,20-03-2019,72253
Emp_772,37,Male,IT,3,Pune,02-12-2012,39942
Emp_773,33,Male,HR,18,Delhi,23-08-2009,122330
Emp_774,40,Male,HR,16,Delhi,03-12-2013,100864
Emp_775,45,Female,Finance,2,Bangalore,25-02-2023,31268
Emp_776,24,Female,HR,17,Pune,07-12-2013,112454
Emp_777,30,Female,IT,7,Mumbai,16-12-2008,68666
Emp_778,23,Male,Finance,18,Bangalore,24-02-2022,135360
Emp_779,,Female,Sales,4,Bangalore,08-08-2005,60955
Emp_780,56,Female,Finance,6,Mumbai,22-02-2005,62370
Emp_781,42,Female,IT,7,Bangalore,24-10-2009,60229
Emp_782,54,Male,Finance,4,Pune,02-04-2020,56309
Emp_783,28,Male,Finance,16,Delhi,25-07-2009,118621
Emp_784,39,Male,IT,4,Pune,01-09-2019,44054
Emp_785,57,Male,Finance,3,Mumbai,24-11-2023,64471
Emp_786,,Female,IT,18,Mumbai,17-08-2012,110935
Emp_787,46,Female,IT,1,Bangalore,21-12-2006,37172
Emp_788,54,Female,Sales,10,Pune,10-02-2006,92778
Emp_789,26,Female,HR,12,Pune,27-06-2023,104275
Emp_790,57,Male,HR,14,Mumbai,23-12-2022,100530
Emp_791,53,Male,Finance,11,Pune,09-10-2023,90560
Emp_792,42,Male,Finance,10,Mumbai,14-04-2011,86156
Emp_793,41,Female,Sales,6,Pune,13-03-2005,66709
Emp_794,26,Male,Sales,4,Pune,16-04-2021,49726
Emp_795,26,Male,Sales,16,Pune,30-04-2022,128056
Emp_796,24,Female,IT,19,Mumbai,16-08-2010,122774
Emp_797,50,Female,Sales,8,Bangalore,14-05-2008,80245
Emp_798,,Male,Sales,13,Pune,17-04-2009,86985
Emp_799,50,Male,Finance,11,Mumbai,31-01-2015,89252
Emp_800,51,Male,Sales,5,Mumbai,01-02-2013,66316
Emp_801,44,Male,IT,16,Pune,10-04-2017,104603
Emp_802,29,Male,IT,18,Pune,13-02-2021,129162
Emp_803,23,Male,Finance,18,Bangalore,30-11-2006,125960
Emp_804,51,Female,Sales,15,Mumbai,03-07-2019,104462
Emp_805,57,Female,Sales,11,Mumbai,07-04-2007,100216
Emp_806,56,Female,IT,11,Delhi,16-03-2021,89166
Emp_807,44,Male,Sales,19,Mumbai,15-12-2005,144279
Emp_808,51,Female,Sales,5,Bangalore,19-09-2019,52754
Emp_809,26,Male,Sales,3,Delhi,14-09-2015,49246
Emp_810,22,Male,HR,5,Delhi,04-11-2005,49078
Emp_811,40,Female,Finance,10,Delhi,10-05-2014,82853
Emp_812,48,Male,HR,0,Pune,14-05-2019,37751
Emp_813,31,Male,Finance,14,Pune,01-08-2021,94042
Emp_814,24,Female,IT,10,Mumbai,24-05-2011,86284
Emp_815,35,Female,Sales,18,Delhi,24-04-2018,124389
Emp_816,26,Female,Finance,17,Bangalore,14-03-2018,107575
Emp_817,50,Male,HR,16,Pune,10-09-2012,106754
Emp_818,58,Female,Sales,18,Bangalore,25-08-2020,138179
Emp_819,22,Female,IT,13,Bangalore,29-09-2014,102965
Emp_820,35,Male,Finance,17,Pune,06-04-2017,106986
Emp_821,31,Female,Finance,18,Pune,10-07-2014,128624
Emp_822,28,Female,Finance,14,Pune,19-11-2022,110350
Emp_823,46,Female,Sales,14,Pune,26-08-2017,116681
Emp_824,25,Male,HR,3,Delhi,10-05-2012,58988
Emp_825,26,Male,HR,6,Delhi,05-03-2013,65470
Emp_826,46,Male,Finance,12,Delhi,03-10-2005,104704
Emp_827,24,Male,IT,2,Delhi,23-12-2011,35968
Emp_828,39,Female,IT,15,Mumbai,27-07-2012,124377
Emp_829,40,Male,HR,8,Delhi,03-12-2005,88572
Emp_830,53,Male,IT,7,Pune,28-05-2010,80427
Emp_831,40,Female,HR,19,Bangalore,27-02-2013,122493
Emp_832,32,Female,Finance,12,Delhi,13-07-2017,84103
Emp_833,21,Female,HR,16,Mumbai,13-11-2015,102076
Emp_834,46,Male,HR,16,Pune,30-06-2007,121615
Emp_835,34,Male,Finance,16,Bangalore,20-06-2010,102994
Emp_836,58,Male,IT,0,Bangalore,27-07-2013,23744
Emp_837,57,Female,HR,7,Delhi,01-12-2019,69466
Emp_838,31,Female,HR,18,Bangalore,13-10-2021,124523
Emp_839,56,Male,Finance,5,Delhi,07-01-2021,72332
Emp_840,33,Female,IT,2,Delhi,06-07-2016,35594
Emp_841,,Female,HR,4,Pune,16-04-2015,47531
Emp_842,53,Female,Finance,12,Pune,24-11-2005,87371
Emp_843,26,Male,HR,14,Mumbai,05-12-2009,104547
Emp_844,30,Female,Sales,13,Pune,11-11-2005,103028
Emp_845,25,Female,Finance,15,Pune,16-09-2014,123947
Emp_846,43,Male,IT,17,Delhi,09-02-2008,108144
Emp_847,30,Male,IT,10,Pune,09-07-2012,83990
Emp_848,22,Female,IT,2,Delhi,09-05-2018,44083
Emp_849,33,Female,IT,9,Delhi,01-03-2009,81626
Emp_850,22,Male,HR,9,Pune,05-06-2005,85469
Emp_851,40,Male,HR,15,Mumbai,24-04-2020,102954
Emp_852,21,Female,IT,11,Mumbai,21-09-2009,82269
Emp_853,57,Female,IT,1,Bangalore,26-02-2014,32130
Emp_854,29,Female,IT,8,Bangalore,06-06-2007,66828
Emp_855,37,Female,HR,2,Pune,01-06-2013,54746
Emp_856,29,Male,IT,14,Mumbai,06-09-2012,98844
Emp_857,31,Female,IT,2,Delhi,23-12-2006,44220
Emp_858,35,Female,Sales,18,Bangalore,02-07-2007,116331
Emp_859,44,Male,Sales,17,Delhi,12-03-2014,124896
Emp_860,58,Female,IT,7,Bangalore,21-05-2007,68397
Emp_861,55,Male,Finance,16,Pune,01-04-2016,117883
Emp_862,50,Female,IT,7,Mumbai,27-06-2023,65291
Emp_863,51,Female,Sales,6,Bangalore,13-05-2006,68542
Emp_864,,Male,Finance,6,Mumbai,23-10-2009,60164
Emp_865,34,Male,Finance,2,Delhi,22-06-2022,58501
Emp_866,31,Female,IT,0,Pune,23-01-2008,41546
Emp_867,29,Female,Sales,3,Mumbai,03-05-2014,45450
Emp_868,54,Female,Sales,4,Pune,29-09-2012,60423
Emp_869,32,Male,Finance,0,Mumbai,27-06-2019,22035
Emp_870,55,Female,IT,14,Delhi,14-09-2021,101463
Emp_871,55,Male,HR,4,Delhi,25-06-2023,47977
Emp_872,21,Male,HR,12,Pune,19-08-2023,97241
Emp_873,42,Female,Sales,7,Delhi,06-07-2009,75207
Emp_874,49,Male,HR,7,Bangalore,27-07-2020,78154
Emp_875,28,Female,Sales,4,Mumbai,03-03-2013,65625
Emp_876,31,Female,Sales,8,Delhi,18-04-2020,72182
Emp_877,57,Female,Sales,0,Bangalore,17-07-2023,20298
Emp_878,,Female,HR,3,Pune,23-05-2005,58628
Emp_879,50,Female,Sales,2,Bangalore,27-07-2019,30923
Emp_880,55,Male,Finance,1,Pune,24-07-2012,45616
Emp_881,41,Male,IT,7,Pune,29-05-2014,68331
Emp_882,57,Female,IT,8,Mumbai,18-02-2023,80690
Emp_883,25,Female,Sales,1,Mumbai,05-10-2017,44183
Emp_884,39,Male,IT,13,Bangalore,10-02-2023,91578
Emp_885,34,Male,HR,13,Mumbai,29-08-2011,89875
Emp_886,,Male,HR,3,Mumbai,29-11-2020,56710
Emp_887,24,Male,IT,5,Mumbai,10-05-2017,57254
Emp_888,45,Female,HR,10,Bangalore,23-01-2010,92966
Emp_889,45,Female,IT,2,Delhi,31-08-2022,58621
Emp_890,38,Male,IT,7,Mumbai,20-05-2012,73186
Emp_891,28,Female,IT,2,Mumbai,14-09-2009,40905
Emp_892,59,Male,Sales,13,Bangalore,09-01-2020,98353
Emp_893,34,Female,IT,12,Delhi,31-05-2013,109082
Emp_894,52,Male,Sales,12,Mumbai,04-12-2007,95882
Emp_895,58,Female,IT,1,Pune,18-08-2012,52429
Emp_896,53,Male,IT,12,Bangalore,29-04-2021,99041
Emp_897,43,Male,IT,18,Mumbai,15-04-2019,139098
Emp_898,35,Female,HR,5,Mumbai,20-05-2015,64730
Emp_899,53,Male,Sales,15,Pune,12-07-2008,104663
Emp_900,45,Female,Sales,1,Pune,08-08-2015,44333
Emp_901,37,Female,IT,7,Bangalore,12-12-2009,55941
Emp_902,53,Male,IT,16,Bangalore,16-03-2022,101907
Emp_903,22,Female,HR,1,Pune,13-02-2009,29837
Emp_904,34,Female,HR,9,Bangalore,22-01-2014,78680
Emp_905,59,Female,HR,15,Pune,31-12-2018,119489
Emp_906,26,Female,Sales,5,Mumbai,28-10-2018,62627
Emp_907,,Female,Sales,1,Pune,30-01-2013,30696
Emp_908,23,Male,Sales,1,Pune,13-03-2005,41226
Emp_909,,Female,IT,12,Delhi,18-08-2009,93543
Emp_910,28,Female,Sales,14,Pune,02-10-2019,102615
Emp_911,35,Female,Finance,1,Pune,06-09-2008,26466
Emp_912,49,Female,Finance,6,Delhi,11-02-2022,70341
Emp_913,53,Female,HR,2,Bangalore,17-01-2014,48350
Emp_914,50,Male,Sales,7,Delhi,11-07-2013,55375
Emp_915,59,Female,Finance,13,Mumbai,02-06-2007,85262
Emp_916,47,Male,HR,6,Delhi,05-08-2016,70746
Emp_917,,Male,Sales,6,Mumbai,16-04-2012,72886
Emp_918,,Male,IT,0,Bangalore,27-07-2022,31580
Emp_919,58,Male,Finance,16,Delhi,13-02-2009,127971
Emp_920,53,Female,IT,8,Delhi,30-09-2011,70136
Emp_921,57,Male,Sales,12,Bangalore,29-12-2011,87833
Emp_922,47,Male,Finance,18,Mumbai,03-01-2007,111893
Emp_923,53,Female,Sales,18,Delhi,15-10-2009,118106
Emp_924,24,Female,IT,16,Mumbai,30-09-2015,111826
Emp_925,42,Female,Finance,9,Delhi,28-02-2006,66652
Emp_926,22,Male,IT,9,Pune,11-07-2014,86924
Emp_927,30,Female,Sales,3,Delhi,11-05-2009,63717
Emp_928,25,Female,Sales,7,Bangalore,13-04-2017,75276
Emp_929,30,Male,IT,19,Bangalore,24-02-2017,115599
Emp_930,53,Female,Finance,19,Mumbai,21-10-2018,136199
Emp_931,58,Female,IT,17,Delhi,23-11-2017,123296
Emp_932,33,Female,Sales,13,Mumbai,08-05-2006,110868
Emp_933,51,Female,IT,17,Mumbai,11-07-2005,113792
Emp_934,56,Male,Sales,13,Pune,14-05-2006,109956
Emp_935,44,Female,IT,19,Pune,19-06-2018,135597
Emp_936,35,Female,Finance,14,Bangalore,19-12-2020,93637
Emp_937,49,Male,Finance,3,Mumbai,10-06-2008,45355
Emp_938,28,Female,IT,12,Bangalore,23-05-2010,95989
Emp_939,25,Male,IT,7,Delhi,01-11-2016,83931
Emp_940,49,Female,Finance,17,Mumbai,13-01-2020,114290
Emp_941,24,Male,Sales,11,Mumbai,27-12-2010,80599
Emp_942,32,Male,Finance,13,Delhi,28-03-2007,107832
Emp_943,22,Male,Sales,1,Delhi,26-10-2013,39342
Emp_944,47,Male,IT,17,Bangalore,13-01-2009,129941
Emp_945,51,Female,IT,1,Bangalore,23-12-2007,38945
Emp_946,56,Male,Sales,10,Delhi,01-07-2016,80762
Emp_947,56,Female,IT,8,Bangalore,18-02-2010,87995
Emp_948,,Male,Sales,11,Delhi,21-05-2007,89312
Emp_949,47,Male,HR,16,Mumbai,16-01-2018,107382
Emp_950,25,Male,Finance,14,Mumbai,05-08-2010,117052
Emp_951,40,Female,HR,16,Pune,30-09-2005,108982
Emp_952,31,Male,Sales,17,Mumbai,27-10-2007,124953
Emp_953,30,Female,Finance,5,Delhi,24-10-2013,52707
Emp_954,58,Female,Sales,16,Bangalore,29-04-2022,117130
Emp_955,26,Female,Finance,17,Pune,22-02-2016,129888
Emp_956,28,Female,Finance,7,Bangalore,18-11-2007,59633
Emp_957,43,Female,Finance,8,Delhi,17-01-2016,77304
Emp_958,46,Female,Finance,5,Mumbai,23-04-2009,54269
Emp_959,,Female,Sales,4,Pune,26-09-2013,53778
Emp_960,46,Female,Finance,11,Delhi,06-01-2017,82008
Emp_961,33,Female,Finance,10,Pune,26-05-2015,85523
Emp_962,38,Male,HR,0,Pune,03-01-2014,47405
Emp_963,45,Male,IT,10,Mumbai,22-04-2022,88765
Emp_964,53,Male,IT,18,Delhi,06-04-2015,113618
Emp_965,32,Male,HR,8,Bangalore,07-10-2010,85373
Emp_966,56,Male,HR,1,Pune,03-10-2019,45827
Emp_967,24,Female,Sales,11,Pune,04-11-2005,75272
Emp_968,25,Female,Sales,3,Bangalore,14-03-2014,62586
Emp_969,57,Female,Sales,3,Delhi,21-11-2018,48007
Emp_970,28,Female,HR,17,Pune,12-09-2013,123157
Emp_971,,Female,HR,14,Pune,05-06-2008,92547
Emp_972,51,Female,Finance,18,Pune,11-09-2019,113164
Emp_973,29,Female,Sales,12,Delhi,10-07-2012,101164
Emp_974,49,Male,Sales,18,Delhi,26-02-2009,124414
Emp_975,34,Male,Sales,16,Bangalore,18-01-2022,129293
Emp_976,42,Male,IT,5,Delhi,12-07-2019,59327
Emp_977,31,Male,Finance,15,Delhi,06-07-2022,110576
Emp_978,43,Female,Sales,11,Mumbai,10-10-2008,75946
Emp_979,21,Female,Sales,18,Bangalore,26-01-2021,124693
Emp_980,57,Female,Sales,4,Pune,03-12-2020,67241
Emp_981,41,Male,IT,16,Delhi,22-10-2021,116890
Emp_982,46,Female,IT,0,Pune,24-05-2018,35540
Emp_983,56,Female,HR,9,Pune,02-09-2018,71719
Emp_984,43,Female,Finance,14,Mumbai,16-05-2010,98435
Emp_985,21,Male,HR,10,Delhi,15-10-2016,95081
Emp_986,35,Female,Finance,12,Bangalore,03-11-2012,109093
Emp_987,41,Male,IT,4,Delhi,10-04-2012,51350
Emp_988,29,Male,Sales,0,Pune,31-10-2011,42744
Emp_989,29,Male,HR,11,Bangalore,30-01-2023,99041
Emp_990,30,Male,Sales,10,Delhi,12-11-2018,73590
Emp_991,46,Female,HR,16,Pune,04-07-2017,110064
Emp_992,55,Male,IT,3,Pune,01-11-2022,63369
Emp_993,45,Male,IT,14,Mumbai,20-12-2015,107576
Emp_994,46,Female,IT,8,Mumbai,04-10-2014,89001
Emp_995,31,Female,HR,19,Mumbai,12-07-2007,144321
Emp_996,58,Male,Finance,18,Pune,03-08-2016,127848
Emp_997,22,Female,HR,18,Delhi,21-03-2017,110390
Emp_998,27,Male,Finance,11,Mumbai,07-02-2013,96999
Emp_999,38,Male,HR,4,Delhi,03-07-2005,52668
Emp_1000,47,Male,HR,9,Mumbai,13-03-2014,76569
